"id;""item"";""key1"";""key2"";""key3"";""key4"";""key5"";""key6"";""key7"";""key8"";""key9"";""key10"";""key11"";""key12"";""key13"";""key14"";""key15"""
"1;""yvrieu"";""rive"";""ire"";""vie"";""rue"";""very"";""rev"";""rye"";""re"";""ye"";""ivy"";""undefined"";""undefined"";""undefined"";""undefined"";""undefined"""
"2;""qdcxoi"";""cod"";""doc"";""cox"";""id"";""do"";""ox"";""undefined"";""undefined"";""undefined"";""undefined"";""undefined"";""undefined"";""undefined"";""undefined"";""undefined"""
"3;""sxbiou"";""sob"";""box"";""bus"";""sub"";""six"";""is"";""sox"";""so"";""ox"";""us"";""undefined"";""undefined"";""undefined"";""undefined"";""undefined"""
"4;""bpqmuo"";""mob"";""bump"";""bum"";""bop"";""pub"";""mop"";""ump"";""mu"";""um"";""up"";""undefined"";""undefined"";""undefined"";""undefined"";""undefined"""
"5;""jttsiu"";""tits"";""suit"";""its"";""sit"";""is"";""tit"";""it"";""ti"";""just"";""juts"";""jut"";""ts"";""undefined"";""undefined"";""undefined"""
"6;""hyfbau"";""bah"";""bay"";""fa"";""hay"";""ah"";""ha"";""ay"";""ya"";""hub"";""buy"";""by"";""uh"";""undefined"";""undefined"";""undefined"""
"7;""ggsjoe"";""eggs"";""egg"";""egos"";""goes"";""ego"";""es"";""jogs"";""jog"";""gos"";""go"";""gs"";""undefined"";""undefined"";""undefined"";""undefined"""
"8;""fmlxii"";""film"";""fix"";""if"";""mil"";""mix"";""undefined"";""undefined"";""undefined"";""undefined"";""undefined"";""undefined"";""undefined"";""undefined"";""undefined"";""undefined"""
"9;""hyloiu"";""hi"";""holy"";""ho"";""oh"";""uh"";""oily"";""oil"";""lo"";""you"";""yo"";""undefined"";""undefined"";""undefined"";""undefined"";""undefined"""
